{
  "name": "ng-dialog",
  "homepage": "https://github.com/likeastore/ngDialog",
  "description": "Modal dialogs and popups provider for Angular.js applications",
  "main": [
    "js/ngDialog.js",
    "css/ngDialog.css",
    "css/ngDialog-theme-default.css"
  ],
  "keywords": [
    "angular.js",
    "modals",
    "popups",
    "dialog",
    "ng",
    "provider",
    "factory",
    "directive"
  ],
  "authors": [
    "Dmitri Voronianski"
  ],
  "license": "MIT",
  "ignore": [
    "**/.*",
    "node_modules",
    "bower_components",
    "test",
    "tests",
    "example",
    "css/myth",
    "Gruntfile.js"
  ],
  "dependencies": {
    "angular": "^1.4.x"
  },
  "devDependencies": {
    "angular-mocks": "^1.4.x"
  },
  "version": "0.5.6",
  "_release": "0.5.6",
  "_resolution": {
    "type": "version",
    "tag": "0.5.6",
    "commit": "232c6bded876284a493416d44ee901f55efab0bc"
  },
  "_source": "git://github.com/likeastore/ngDialog.git",
  "_target": "~0.5.6",
  "_originalSource": "ng-dialog",
  "_direct": true
}